"date","state","positive","probablecases","negative","pending","totaltestresultssource","totaltestresults","hospitalizedcurrently","hospitalizedcumulative","inicucurrently","inicucumulative","onventilatorcurrently","onventilatorcumulative","recovered","lastupdateet","datemodified","checktimeet","death","hospitalized","hospitalizeddischarged","datechecked","totaltestsviral","positivetestsviral","negativetestsviral","positivecasesviral","deathconfirmed","deathprobable","totaltestencountersviral","totaltestspeopleviral","totaltestsantibody","positivetestsantibody","negativetestsantibody","totaltestspeopleantibody","positivetestspeopleantibody","negativetestspeopleantibody","totaltestspeopleantigen","positivetestspeopleantigen","totaltestsantigen","positivetestsantigen","fips","positiveincrease","negativeincrease","total","totaltestresultsincrease","posneg","dataqualitygrade","deathincrease","hospitalizedincrease","hash","commercialscore","negativeregularscore","negativescore","positivescore","score","grade"
"20210307","AK","56886",,,,"totalTestsViral","1731628","33","1293",,,"2",,,"3/5/2021 03:59","2021-03-05T03:59:00Z","03/04 22:59","305","1293",,"2021-03-05T03:59:00Z","1731628","68693","1660758",,,,,,,,,,,,,,,,"2","0","0","56886","0","56886","","0","0","dc4bccd4bb885349d7e94d6fed058e285d4be164","0","0","0","0","0",""
"20210307","AL","499819","107742","1931711",,"totalTestsPeopleViral","2323788","494","45976",,"2676",,"1515","295690","3/7/2021 11:00","2021-03-07T11:00:00Z","03/07 06:00","10148","45976",,"2021-03-07T11:00:00Z",,,,"392077","7963","2185",,"2323788",,,,"119757",,,,,,,"1","408","2087","2431530","2347","2431530","","-1","0","997207b430824ea40b8eb8506c19a93e07bc972e","0","0","0","0","0",""
"20210307","AR","324818","69092","2480716",,"totalTestsViral","2736442","335","14926","141",,"65","1533","315517","3/7/2021 00:00","2021-03-07T00:00:00Z","03/06 19:00","5319","14926",,"2021-03-07T00:00:00Z","2736442",,"2480716","255726","4308","1011",,,,,,,,,"481311","81803",,,"5","165","3267","2805534","3380","2805534","","22","11","50921aeefba3e30d31623aa495b47fb2ecc72fae","0","0","0","0","0",""
"20210307","AS","0",,"2140",,"totalTestsViral","2140",,,,,,,,"12/1/2020 00:00","2020-12-01T00:00:00Z","11/30 19:00","0",,,"2020-12-01T00:00:00Z","2140",,,,,,,,,,,,,,,,,,"60","0","0","2140","0","2140","","0","0","96d23f888c995b9a7f3b4b864de6414f45c728ff","0","0","0","0","0",""
"20210307","AZ","826454","56519","3073010",,"totalTestsViral","7908105","963","57907","273",,"143",,,"3/7/2021 00:00","2021-03-07T00:00:00Z","03/06 19:00","16328","57907","118932","2021-03-07T00:00:00Z","7908105",,,"769935","14403","1925",,"3842945","580569",,,"444089",,,,,,,"4","1335","13678","3899464","45110","3899464","","5","44","0437a7a96f4471666f775e63e86923eb5cbd8cdf","0","0","0","0","0",""
"20210307","CA","3501394",,,,"totalTestsViral","49646014","4291",,"1159",,,,,"3/7/2021 02:59","2021-03-07T02:59:00Z","03/06 21:59","54124",,,"2021-03-07T02:59:00Z","49646014",,,"3501394",,,,,,,,,,,,,,,"6","3816","0","3501394","133186","3501394","","258","0","63c5c0fd2daef2fb65150e9db486de98ed3f7b72","0","0","0","0","0",""
"20210307","CO","436602","24786","2199458",,"totalTestEncountersViral","6415123","326","23904",,,,,,"3/7/2021 01:59","2021-03-07T01:59:00Z","03/06 20:59","5989","23904","23003","2021-03-07T01:59:00Z",,,,"410976","5251","735","6415123","2616541","435053","63087","369995",,,,,,,,"8","840","0","2636060","38163","2636060","","3","18","444746cda3a596f183f3fa3269c8cab68704e819","0","0","0","0","0",""
"20210307","CT","285330","19621",,,"totalTestsViral","6520366","428","12257",,,,,,"3/4/2021 23:59","2021-03-04T23:59:00Z","03/04 18:59","7704","12257",,"2021-03-04T23:59:00Z","6520366","323284","6188566","265709","6327","1377",,,,,,,,,,,"396680","22245","9","0","0","285330","0","285330","","0","0","bcc0f7bc8c2bf77eec31b25f8b59d510f679d3e7","0","0","0","0","0",""
"20210307","DC","41419",,,,"totalTestEncountersViral","1261363","150",,"38",,"16",,"29570","3/6/2021 00:00","2021-03-06T00:00:00Z","03/05 19:00","1030",,,"2021-03-06T00:00:00Z",,,,,,,"1261363","441942",,,,,,,,,,,"11","146","0","41419","5726","41419","","0","0","a3aa0d623d538807fb9577ad64354f48cf728cc8","0","0","0","0","0",""
"20210307","DE","88354","4733","545070",,"totalTestEncountersViral","1431942","104",,"13",,,,,"3/6/2021 18:00","2021-03-06T18:00:00Z","03/06 13:00","1473",,,"2021-03-06T18:00:00Z",,"91873",,"83621","1337","136","1431942","633424",,,,,,,,,,,"10","215","917","633424","5867","633424","","9","0","059d870e689d5cc19c35f5eb398214d7d9856373","0","0","0","0","0",""
"20210307","FL","1909209","360372","9339038","8544","totalTestEncountersViral","22339182","3307","82237",,,,,,"3/6/2021 23:59","2021-03-06T23:59:00Z","03/06 18:59","32266","82237",,"2021-03-06T23:59:00Z","19482607","2502506","16887410","1548837",,,"22339182","11248247","1054711","190026","864153","995580","178979","816231",,,,,"12","4024","19166","11256791","64599","11248247","","66","92","e69aca367d15584f4db13bd791804be1b017efc7","0","0","0","0","0",""
"20210307","GA","1023487","195151",,,"totalTestsViral","7359069","2008","56797",,"9263",,,,"3/7/2021 14:50","2021-03-07T14:50:00Z","03/07 09:50","17906","56797",,"2021-03-07T14:50:00Z","7359069","803515",,"828336","15598","2308",,,"482568","78312",,,,,,,"1484921","168867","13","1709","0","1023487","18827","1023487","","1","35","d64d091b3e0b4c47cb7a80c60b7fc6dd1d15d6dd","0","0","0","0","0",""
"20210307","GU","7749","209","112887",,"posNeg","120636","2",,"1",,"1",,"7590","3/7/2021 01:45","2021-03-07T01:45:00Z","03/06 20:45","133",,,"2021-03-07T01:45:00Z","120426",,,"7540",,,,,"358","27",,,,,,,"9299","248","66","0","0","120636","0","120636","","0","0","b6fe9a2c36aa6e5b1f0b14dd057d23c6968b10a4","0","0","0","0","0",""
"20210307","HI","28699","808",,,"totalTestEncountersViral","1146796","27","2226","5",,"3",,,"3/5/2021 14:30","2021-03-05T14:30:00Z","03/05 09:30","445","2226",,"2021-03-05T14:30:00Z",,"27774",,"27891","445",,"1146796",,,,,,,,,,,,"15","53","0","28699","5117","28699","","1","0","4f2c09f953483ffc35e24ac50e0c6c1f10077002","0","0","0","0","0",""
"20210307","IA","282384",,"1044418",,"posNeg","1326802","167",,"35",,"6",,"320054","3/7/2021 00:00","2021-03-07T00:00:00Z","03/06 19:00","5558",,,"2021-03-07T00:00:00Z","2753899","306343","2432425","282384",,,,"1329195",,,,"113739","19704","93984","247999","57190","1390094","60700","19","257","1299","1326802","1556","1326802","","6","0","33548da1aa99383ebd1ef74769d8bb1eba36b959","0","0","0","0","0",""
"20210307","ID","172931","33057","505964",,"totalTestsPeopleViral","645838","150","7184","33","1245",,,"96017","3/6/2021 19:00","2021-03-06T19:00:00Z","03/06 14:00","1879","7184",,"2021-03-06T19:00:00Z","1103725",,,"139874","1652","227",,"645838",,,,,,,,,"123809",,"16","104","535","678895","396","678895","","3","5","78595a6705d321c83cba079dbee71b6db1897502","0","0","0","0","0",""
"20210307","IL","1198335",,,,"totalTestsViral","18640190","1141",,"255",,"112",,,"3/7/2021 00:00","2021-03-07T00:00:00Z","03/06 19:00","23014",,,"2021-03-07T00:00:00Z","18640190",,,,"20763","2251",,,,,,,,,,,,,"17","1068","0","1198335","68094","1198335","","12","0","b7f807d015574eb38516d454d35cc6c09effb16b","0","0","0","0","0",""
"20210307","IN","667262",,"2483156",,"totalTestsViral","8242367","656","43217","104","7600","50",,,"3/6/2021 23:59","2021-03-06T23:59:00Z","03/06 18:59","12737","43217","434805","2021-03-06T23:59:00Z","8242367","760491",,,"12310","427",,"3150418",,,,,,,,,,,"18","746","4643","3150418","29427","3150418","","11","64","dcdfec9f776fcb6e79033397905f447c5fc756bc","0","0","0","0","0",""
"20210307","KS","295861",,"974686",,"posNeg","1270547","235","9387","50","2554","22","411",,"3/5/2021 10:00","2021-03-05T10:00:00Z","03/05 05:00","4812","9387","6473","2021-03-05T10:00:00Z","2525259",,,,,,,"1270547",,,,,,,,,"602322",,"20","0","0","1270547","0","1270547","","0","0","71bcb3a00a03aa1b0c50376fdc9f22e1e9b5156b","0","0","0","0","0",""
"20210307","KY","410709","96324",,,"totalTestsViral","3975672","558","19457","156","4034","82",,"48145","3/7/2021 00:00","2021-03-07T00:00:00Z","03/06 19:00","4819","19457",,"2021-03-07T00:00:00Z","3975672","251921",,"314385","4369","450",,,"111886","9929",,,,,,,"509047","37655","21","525","0","410709","0","410709","","13","6","e75efcdb394b4f605892102108def98f76e402d4","0","0","0","0","0",""
"20210307","LA","433785","61271","5261679",,"posNeg","5695464","532",,,,"75",,"415954","3/7/2021 13:00","2021-03-07T13:00:00Z","03/07 08:00","9748",,,"2021-03-07T13:00:00Z","5634193",,,"372514","9033","715",,,,,,,,,,,"469967",,"22","740","20578","5695464","21318","5695464","","32","0","7fd45e084947a390edc7e73d1d9039015369dc7f","0","0","0","0","0",""
"20210307","MA","591356","32273","4404792",,"totalTestsViral","16825551","665","19713","174",,"116",,"508745","3/6/2021 23:59","2021-03-06T23:59:00Z","03/06 18:59","16417","19713",,"2021-03-06T23:59:00Z","16825551","668145",,"559083","16085","332",,"4963875",,,,"156185","15425",,"580372",,,,"25","1425","8028","4996148","96578","4996148","","43","0","acd1b6abdcc5a944bacbaa1f8fe621fc84c7e08e","0","0","0","0","0",""
"20210307","MD","387319",,"3034546",,"totalTestsViral","8097590","818","35651","215",,,,"9703","3/7/2021 10:00","2021-03-07T10:00:00Z","03/07 05:00","7955","35651",,"2021-03-07T10:00:00Z","8097590","472716",,"387319","7773","182",,"3421865",,,,"198139","28360","169779",,,,,"24","709","2050","3421865","33128","3421865","","14","79","f0e2e509e56cd4e825ca3673d540a4c6329c9a0c","0","0","0","0","0",""
"20210307","ME","45794","9948",,,"totalTestsViral","1660180","67","1570","16",,"8",,"12840","3/6/2021 23:59","2021-03-06T23:59:00Z","03/06 18:59","706","1570",,"2021-03-06T23:59:00Z","1660180","41510",,"35846","683","23",,,"15113","869","14232",,,,,,"213426","10749","23","159","0","45794","7490","45794","","2","4","2375b3e026543e57fb7a7a75172d0a909b1483a3","0","0","0","0","0",""
"20210307","MI","656072","60018",,,"totalTestsViral","10621967","866",,"222",,"97",,"549881","3/6/2021 00:00","2021-03-06T00:00:00Z","03/05 19:00","16658",,,"2021-03-06T00:00:00Z","10621967","752365","9869602","596054","15666","992",,,"537073",,,,,,,,,,"26","0","0","656072","0","656072","","0","0","0319b95a7e00d41ec841fc29e39b238055dc542d","0","0","0","0","0",""
"20210307","MN","490011","24464","3058514",,"totalTestEncountersViral","7111428","224","25978","57","5364",,,"476055","3/6/2021 17:00","2021-03-06T17:00:00Z","03/06 12:00","6550","25978",,"2021-03-06T17:00:00Z",,,,"465547","6276","274","7111428","3524061",,,,,,,,,"451963",,"27","895","8218","3548525","25369","3548525","","4","2","28cbe3a55cc006f13f3a5397cc795403cf55d246","0","0","0","0","0",""
"20210307","MO","480643",,"1878583",,"totalTestsViral","4565866","955",,"197",,"135",,,"3/7/2021 00:59","2021-03-07T00:59:00Z","03/06 19:59","8161",,,"2021-03-07T00:59:00Z","4565866","530741","4025535","480643",,,,"2359226","152126","24926","127001","135759",,,"366813",,"906752","83657","29","291","2950","2359226","10659","2359226","","0","0","69bb8a73e3a654573e0d38b349d6a92c7750b42d","0","0","0","0","0",""
"20210307","MP","145",,"17429",,"posNeg","17574",,"4",,,,,"29","3/8/2021 00:00","2021-03-08T00:00:00Z","03/07 19:00","2","4",,"2021-03-08T00:00:00Z","26131",,,"145","2",,,"17542",,,,,,,,,,,"69","1","0","17574","1","17574","","0","0","604ee9ce4dee663fe99123a19a712d867f8a0406","0","0","0","0","0",""
"20210307","MS","297581","113303","1459374",,"posNeg","1756955","419","9162","89",,"47",,"278162","3/6/2021 00:00","2021-03-06T00:00:00Z","03/05 19:00","6808","9162",,"2021-03-06T00:00:00Z","1642348",,,"184278","4737","2071",,,"81986",,,,,,,,"748339",,"28","260","0","1756955","260","1756955","","3","0","38d600ef762a2cde624501169ffae710e94913fe","0","0","0","0","0",""
"20210307","MT","100914","5524",,,"totalTestsViral","1104488","63","4630","12",,"6",,"97943","3/7/2021 01:59","2021-03-07T01:59:00Z","03/06 20:59","1381","4630",,"2021-03-07T01:59:00Z","1104488",,,"95390",,,,,,,,,,,,,,,"30","72","0","100914","3132","100914","","0","1","7643a815c17357244db67932096ff56f623be3aa","0","0","0","0","0",""
"20210307","NC","872176","112559",,,"totalTestsViral","9688838","1179",,"309",,,,,"3/6/2021 11:35","2021-03-06T11:35:00Z","03/06 06:35","11502",,"819839","2021-03-06T11:35:00Z","9688838",,,"759617","10169","1333",,,,,,,,,,,"805924",,"37","0","0","872176","0","872176","","0","0","d9ca67dd72ba6f8a8506ebb734fd25b0b8067608","0","0","0","0","0",""
"20210307","ND","100391","5463","305912",,"totalTestEncountersViral","1425146","23","3880","3","567",,,"98326","3/7/2021 01:59","2021-03-07T01:59:00Z","03/06 20:59","1478","3880",,"2021-03-07T01:59:00Z","1536487",,,"94928",,,"1425146","406303","13395","1442","11953",,,,,,"156698",,"38","34","-109","406303","679","406303","","0","2","b3abc1dd973748f208669df68a22ab8ebda16a96","0","0","0","0","0",""
"20210307","NE","203026",,"771128",,"totalTestsViral","2421684","137","6237",,,,,"157144","3/7/2021 11:15","2021-03-07T11:15:00Z","03/07 06:15","2113","6237",,"2021-03-07T11:15:00Z","2421684","235965","2182938",,,,,"974759",,,,,,,,,,,"31","373","542","974154","1","974154","","0","8","3f55dc5e02818a3abbd58e07cf80bdfe4abc60f1","0","0","0","0","0",""
"20210307","NH","76861","22797","579582",,"totalTestsViral","1497185","68","1131",,"348",,,"73615","3/7/2021 09:00","2021-03-07T09:00:00Z","03/07 04:00","1184","1131",,"2021-03-07T09:00:00Z","1497185",,,"54064",,,,"633646","39545",,,"37918",,,,,"205103",,"33","166","396","656443","15697","656443","","3","4","984a5b49a111e92bec03e2188180fa977e211111","0","0","0","0","0",""
"20210307","NJ","812609","91670","10186941",,"posNeg","10999550","1792","64396","376",,"232",,,"3/7/2021 00:00","2021-03-07T00:00:00Z","03/06 19:00","23574","64396","77193","2021-03-07T00:00:00Z","10902830",,,"720939","21177","2397",,,,,,,,,,,,,"34","2519","0","10999550","2519","10999550","","17","58","343068629601e5564b578db7541484baf3ef552f","0","0","0","0","0",""
"20210307","NM","186922",,,,"totalTestsViral","2783542","169","13252",,,,,"156554","3/7/2021 17:37","2021-03-07T17:37:00Z","03/07 12:37","3808","13252",,"2021-03-07T17:37:00Z","2783542",,,,,,,,,,,,,,,,,,"35","180","0","186922","11702","186922","","12","10","254a01ca85894315ed1ae612eb1b457ed198ac62","0","0","0","0","0",""
"20210307","NV","296190",,"1131758",,"totalTestEncountersViral","2770192","399",,"87",,"48",,,"3/6/2021 00:00","2021-03-06T00:00:00Z","03/05 19:00","5037",,,"2021-03-06T00:00:00Z",,,,"296190",,,"2770192","1427948",,,,,,,,,,,"32","730","1829","1427948","6201","1427948","","1","0","fcbdfd6c3ee8359e623bb9bc5a6bdb0fc780b75e","0","0","0","0","0",""
"20210307","NY","1681169",,,,"totalTestEncountersViral","39695100","4789","89995","999",,"682",,,"3/6/2021 14:00","2021-03-06T14:00:00Z","03/06 09:00","39029","89995","150100","2021-03-06T14:00:00Z",,,,,,,"39695100",,,,,,,,,,,,"36","6789","0","1681169","227768","1681169","","59","0","72f520a3538592c24dde022170ae82841d4d2ef9","0","0","0","0","0",""
"20210307","OH","978471","142113",,,"totalTestsViral","10257157","820","50881","260","7207","171",,"925655","3/7/2021 14:00","2021-03-07T14:00:00Z","03/07 09:00","17656","50881",,"2021-03-07T14:00:00Z","10257157","864925",,"836358","14752","2594",,,,,,,,,,,"1798150","86990","39","735","0","978471","29289","978471","","0","33","b32fec674723dd2c970e0f0c05036a44be63b80b","0","0","0","0","0",""
"20210307","OK","428997",,"3146300","2984","posNeg","3575297","346","24332","100",,,,"412177","","","","4534","24332",,"","3548479","389855","3146300",,,,,,"152279","23139",,,,,,,,,"40","461","0","3578281","461","3575297","","0","55","3019887dd90821b78021a57adfdafde0617d7a31","0","0","0","0","0",""
"20210307","OR","157079",,,,"totalTestsViral","3850973","158","8714","32",,"12",,,"3/6/2021 03:01","2021-03-06T03:01:00Z","03/05 22:01","2296","8714",,"2021-03-06T03:01:00Z","3850973","226972","3624001",,,,,,,,,,,,,,,,"41","195","0","157079","0","157079","","3","0","1ad86cf428e4cfe4db9d50dbee81e76f8a780e29","0","0","0","0","0",""
"20210307","PA","948643","134103","3942124",,"totalTestEncountersViral","10681716","1587",,"314",,"183",,"861756","3/7/2021 12:00","2021-03-07T12:00:00Z","03/07 07:00","24349",,,"2021-03-07T12:00:00Z",,,,"814540",,,"10681716","4756664",,,,,,,,,,,"42","1658","6592","4890767","52432","4890767","","32","0","cc747d66ac5b93580b1cd7b3f292eb5ee0fb5910","0","0","0","0","0",""
"20210307","PR","101327","7991","305972",,"posNeg","407299","147",,"24",,"18",,"91987","3/6/2021 00:00","2021-03-06T00:00:00Z","03/05 19:00","2059",,,"2021-03-06T00:00:00Z","415664","20103","395291","93336","1749","310",,,,"84115",,,,,,,,,"72","0","0","407299","0","407299","","0","0","d90280f1333ff56cfc42e1fbc293374b6d68ceb8","0","0","0","0","0",""
"20210307","RI","128121",,"674515",,"totalTestEncountersViral","3087981","141","9020","25",,"16",,,"3/5/2021 13:00","2021-03-05T13:00:00Z","03/05 08:00","2541","9020","7865","2021-03-05T13:00:00Z",,"152549","2935432",,,,"3087981","802636",,,,,,,,,,,"44","0","0","802636","0","802636","","0","0","664f3184f0c6633ce2f4c190b373fcb125a483a4","0","0","0","0","0",""
"20210307","SC","525865","75888","4657179",,"posNeg","5183044","579","20725","137",,"83",,"218863","3/5/2021 23:59","2021-03-05T23:59:00Z","03/05 18:59","8754","20725",,"2021-03-05T23:59:00Z","5107156","580893","4526263","449977","7744","1010",,,"135125","28316","106809",,,,,,"912838","111239","45","1408","25856","5183044","27264","5183044","","35","66","c5272b7792f489dd298d492dd7de3d822a4a6638","0","0","0","0","0",""
"20210307","SD","113589","12899","314540",,"totalTestsViral","701924","72","6705","9",,"6",,"109531","3/6/2021 14:00","2021-03-06T14:00:00Z","03/06 09:00","1900","6705",,"2021-03-06T14:00:00Z","701924","105096",,"100690",,,,"428129",,,,,,,,,,,"46","211","524","428129","1275","428129","","2","13","b21c02251eddfda5478494054c1d8626d9c5079e","0","0","0","0","0",""
"20210307","TN","782206","128301",,,"totalTestsViral","6872745","851","18870","218",,"127",,"756793","3/6/2021 15:00","2021-03-06T15:00:00Z","03/06 10:00","11543","18870",,"2021-03-06T15:00:00Z","6872745","753695","6119050","653905","9278","2265",,,,,,,,,,,"1430665","140582","47","0","0","782206","0","782206","","0","0","8dbae9bf92c2cb76e0e4c5673175365e9d53e071","0","0","0","0","0",""
"20210307","TX","2686818","365961",,,"totalTestsViral","19907384","4721",,"1463",,,,"2502609","3/7/2021 15:05","2021-03-07T15:05:00Z","03/07 10:05","44451",,,"2021-03-07T15:05:00Z","19907384","2628176",,"2320857",,,,,"1033285","159003",,,,,,,"2664340","211014","48","2953","0","2686818","76040","2686818","","84","0","3fcdc4c2d3b36a167a791fa8677cf5d19ca67464","0","0","0","0","0",""
"20210307","UT","374850",,"1560293",,"totalTestsViral","2910121","212","14891","73","2344",,"822","358958","3/7/2021 09:35","2021-03-07T09:35:00Z","03/07 04:35","1976","14891",,"2021-03-07T09:35:00Z","2910121","345990","2564131",,,,,"1876802",,,,,,,"371319","57683","1002177","60158","49","412","3204","1935143","6828","1935143","","1","24","d759cc6bb12e652ba45ca3a0dbd31f3b951eae34","0","0","0","0","0",""
"20210307","VA","585700","124528",,"169","totalTestEncountersViral","6038209","1127","24661","258",,"168",,,"3/6/2021 17:00","2021-03-06T17:00:00Z","03/06 12:00","9596","24661","48428","2021-03-06T17:00:00Z",,"562266",,"461172","8104","1492","6038209",,"224284","28980",,,,,,,"1454389","125061","51","1163","0","585869","19925","585700","","77","24","58ad2cd3f6aa6b7a6c2f9582b0d521a559461f2a","0","0","0","0","0",""
"20210307","VI","2714",,"46167","80","posNeg","48881",,,,,,,"2559","3/5/2021 11:18","2021-03-05T11:18:00Z","03/05 06:18","25",,,"2021-03-05T11:18:00Z",,,,,"25",,,"48961",,,,,,,,,,,"78","0","0","48961","0","48881","","0","0","af836e98493cc7b5474acf9302ffe87d9568a0db","0","0","0","0","0",""
"20210307","VT","16083","448","320060",,"totalTestsViral","1124215","31",,"1",,,,"13384","3/6/2021 23:59","2021-03-06T23:59:00Z","03/06 18:59","208",,,"2021-03-06T23:59:00Z","1124215",,,"15635",,,,"335695",,,,,,,,,,,"50","119","643","336143","8748","336143","","0","0","ac73442d27f7fec957e7a11a9123f360b4a15724","0","0","0","0","0",""
"20210307","WA","344532","19479",,,"totalTestEncountersViral","5393756","431","19599","98",,"43",,,"3/6/2021 02:59","2021-03-06T02:59:00Z","03/05 21:59","5041","19599",,"2021-03-06T02:59:00Z",,"324994","5068404","325053",,,"5393756",,,,,,,,,,,,"53","664","0","344532","24040","344532","","0","43","d05df9ca1d090fd6a3f3f864eb442dc471e5861e","0","0","0","0","0",""
"20210307","WI","621654","54961","2647864","31","totalTestEncountersViral","7080595","249","26457","66","2273",,,"553203","3/7/2021 00:00","2021-03-07T00:00:00Z","03/06 19:00","7106","26457",,"2021-03-07T00:00:00Z",,,,"566693","6481","625","7080595","3214557",,,,,,,,,,,"55","377","3521","3269549","19193","3269518","","4","25","ea0056371780c0d00c44fa4f40092e7e0708a929","0","0","0","0","0",""
"20210307","WV","133445","26816",,,"totalTestsViral","2236551","179",,"40",,"26",,"125383","3/6/2021 23:59","2021-03-06T23:59:00Z","03/06 18:59","2325",,,"2021-03-06T23:59:00Z","2236551",,,"106629","1981","344",,,"33011",,,,,,,,,,"54","155","0","133445","6449","133445","","2","0","0884533b2e52491726d3fecba78a4971bfa7bc4d","0","0","0","0","0",""
"20210307","WY","54764","8367","182264",,"totalTestsViral","649293","21","1391",,,,,"53550","3/5/2021 00:00","2021-03-05T00:00:00Z","03/04 19:00","682","1391",,"2021-03-05T00:00:00Z","649293","38993","602513","46397",,,,"228661",,,,,,,,,,,"56","0","0","237028","0","237028","","0","0","9cbc8bdcabbaf1f301ec1e48f8c23a4c65753282","0","0","0","0","0",""
"20210306","AK","56886",,,,"totalTestsViral","1731628","33","1293",,,"2",,,"3/5/2021 03:59","2021-03-05T03:59:00Z","03/04 22:59","305","1293",,"2021-03-05T03:59:00Z","1731628","68693","1660758",,,,,,,,,,,,,,,,"2","0","0","56886","0","56886","","0","0","749716d5cc5eb3b785af328a6c27e951ea62ffc2","0","0","0","0","0",""
"20210306","AL","499411","107594","1929624",,"totalTestsPeopleViral","2321441","526","45976",,"2675",,"1514","295690","3/6/2021 11:00","2021-03-06T11:00:00Z","03/06 06:00","10149","45976",,"2021-03-06T11:00:00Z",,,,"391817","7963","2186",,"2321441",,,,"119456",,,,,,,"1","524","4866","2429035","5314","2429035","","27","0","c1fb261a8becffb73348cbfb26366aa005c4ce77","0","0","0","0","0",""
"20210306","AR","324653","69040","2477449",,"totalTestsViral","2733062","345","14915","148",,"75","1533","315181","3/6/2021 00:00","2021-03-06T00:00:00Z","03/05 19:00","5297","14915",,"2021-03-06T00:00:00Z","2733062",,"2477449","255613","4302","995",,,,,,,,,"479963","81756",,,"5","327","4711","2802102","4959","2802102","","14","12","f44bf88dfa47c2f148ee23ef57f4a3493c578923","0","0","0","0","0",""
"20210306","AS","0",,"2140",,"totalTestsViral","2140",,,,,,,,"12/1/2020 00:00","2020-12-01T00:00:00Z","11/30 19:00","0",,,"2020-12-01T00:00:00Z","2140",,,,,,,,,,,,,,,,,,"60","0","0","2140","0","2140","","0","0","519cd33528d417d9742eba69a26fd6b285c9fe55","0","0","0","0","0",""
"20210306","AZ","825119","56362","3059332",,"totalTestsViral","7862995","966","57863","280",,"140",,,"3/6/2021 00:00","2021-03-06T00:00:00Z","03/05 19:00","16323","57863","118674","2021-03-06T00:00:00Z","7862995",,,"768757","14395","1928",,"3828089",,,,"443336",,,,,,,"4","1735","8442","3884451","35425","3884451","","54","44","70e447c07a14581c6b37efb9a1f06523adfcff63","0","0","0","0","0",""
"20210306","CA","3497578",,,,"totalTestsViral","49512828","4513",,"1221",,,,,"3/6/2021 02:59","2021-03-06T02:59:00Z","03/05 21:59","53866",,,"2021-03-06T02:59:00Z","49512828",,,"3497578",,,,,,,,,,,,,,,"6","4452","0","3497578","218325","3497578","","418","0","54b454d1890500b58f2f6b964b37bc373242b0dc","0","0","0","0","0",""
"20210306","CO","435762","24786","2199458",,"totalTestEncountersViral","6376960","326","23886",,,,,,"3/6/2021 01:59","2021-03-06T01:59:00Z","03/05 20:59","5986","23886","23003","2021-03-06T01:59:00Z",,,,"410976","5251","735","6376960","2610434","433082","62612","368326",,,,,,,,"8","1108","5505","2635220","33600","2635220","","0","23","16637b85009ae688fc919c0e85c238997aadb3bb","0","0","0","0","0",""
"20210306","CT","285330","19621",,,"totalTestsViral","6520366","428","12257",,,,,,"3/4/2021 23:59","2021-03-04T23:59:00Z","03/04 18:59","7704","12257",,"2021-03-04T23:59:00Z","6520366","323284","6188566","265709","6327","1377",,,,,,,,,,,"396680","22245","9","0","0","285330","0","285330","","0","0","f8a8b2754c29bb230c7b795e3e44456385449fd3","0","0","0","0","0",""
"20210306","DC","41273",,,,"totalTestEncountersViral","1255637","150",,"40",,"15",,"29470","3/5/2021 00:00","2021-03-05T00:00:00Z","03/04 19:00","1030",,,"2021-03-05T00:00:00Z",,,,,,,"1255637","440793",,,,,,,,,,,"11","151","0","41273","8000","41273","","3","0","aea5a698b50288088258ff2e56e77b83cb492d23","0","0","0","0","0",""
"20210306","DE","88139","4715","544153",,"totalTestEncountersViral","1426075","114",,"12",,,,,"3/5/2021 18:00","2021-03-05T18:00:00Z","03/05 13:00","1464",,,"2021-03-05T18:00:00Z",,"91685",,"83424","1328","136","1426075","632292",,,,,,,,,,,"10","265","1362","632292","8757","632292","","11","0","0c0d7ba9adc97456b67de8b807dee6a2cf3a47f0","0","0","0","0","0",""
"20210306","FL","1905185","359542","9319872","8496","totalTestEncountersViral","22274583","3352","82145",,,,,,"3/5/2021 23:59","2021-03-05T23:59:00Z","03/05 18:59","32200","82145",,"2021-03-05T23:59:00Z","19430475","2496909","16841086","1545643",,,"22274583","11225057","1054711","190026","864153","995580","178979","816231",,,,,"12","4587","23282","11233553","87820","11225057","","107","243","9caf89c49d1befc5c6364bdf8d2d423dc4660db1","0","0","0","0","0",""
"20210306","GA","1021778","194381",,,"totalTestsViral","7340242","2071","56762",,"9260",,,,"3/6/2021 14:50","2021-03-06T14:50:00Z","03/06 09:50","17905","56762",,"2021-03-06T14:50:00Z","7340242","802411",,"827397","15597","2308",,,"481545","77793",,,,,,,"1478232","168005","13","2269","0","1021778","24765","1021778","","90","135","a08ff58f33e9a52f353c453ae74a7de5aaea6c72","0","0","0","0","0",""
"20210306","GU","7749","209","112887",,"posNeg","120636","2",,"1",,"1",,"7590","3/6/2021 04:30","2021-03-06T04:30:00Z","03/05 23:30","133",,,"2021-03-06T04:30:00Z","120426",,,"7540",,,,,"358","27",,,,,,,"9299","248","66","1","0","120636","1","120636","","0","0","3cbff9634f41aa86b1d49747dfdfffa10dec13d1","0","0","0","0","0",""
"20210306","HI","28646","808",,,"totalTestEncountersViral","1141679","27","2226","5",,"3",,,"3/4/2021 14:30","2021-03-04T14:30:00Z","03/04 09:30","444","2226",,"2021-03-04T14:30:00Z",,"27726",,"27838","444",,"1141679",,,,,,,,,,,,"15","85","0","28646","5284","28646","","1","1","9fa0a9bc60865ee5f8667e0c6fe4fd74040b134b","0","0","0","0","0",""
"20210306","IA","282127",,"1043119",,"posNeg","1325246","170",,"38",,"10",,"319780","3/6/2021 00:00","2021-03-06T00:00:00Z","03/05 19:00","5552",,,"2021-03-06T00:00:00Z","2749435","306056","2428315","282127",,,,"1327640",,,,"113559","19635","93873","247775","57133","1388623","60633","19","362","1515","1325246","1877","1325246","","3","0","1142f60050fea038a820b3444d5d15ccbc344bef","0","0","0","0","0",""
"20210306","ID","172827","32814","505429",,"totalTestsPeopleViral","645442","150","7179","33","1245",,,"95808","3/5/2021 19:02","2021-03-05T19:02:00Z","03/05 14:02","1876","7179",,"2021-03-05T19:02:00Z","1102848",,,"140013","1649","227",,"645442",,,,,,,,,"123809",,"16","240","504","678256","646","678256","","0","15","35d8f1d09c758c9e752bbc38a6481a8d7608b9c6","0","0","0","0","0",""
"20210306","IL","1197267",,,,"totalTestsViral","18572096","1210",,"261",,"108",,,"3/6/2021 00:00","2021-03-06T00:00:00Z","03/05 19:00","23002",,,"2021-03-06T00:00:00Z","18572096",,,,"20750","2252",,,,,,,,,,,,,"17","2565","0","1197267","79248","1197267","","56","0","b2b38a17cd59d0da9998066091c19319541188ea","0","0","0","0","0",""
"20210306","IN","666516",,"2478513",,"totalTestsViral","8212940","663","43153","118","7586","60",,,"3/5/2021 23:59","2021-03-05T23:59:00Z","03/05 18:59","12726","43153","434718","2021-03-05T23:59:00Z","8212940","759598",,,"12299","427",,"3145029",,,,,,,,,,,"18","1231","5155","3145029","41718","3145029","","29","49","db8a21855b69af38fdd152c198f59b90b444c59f","0","0","0","0","0",""
"20210306","KS","295861",,"974686",,"posNeg","1270547","235","9387","50","2554","22","411",,"3/5/2021 10:00","2021-03-05T10:00:00Z","03/05 05:00","4812","9387","6473","2021-03-05T10:00:00Z","2525259",,,,,,,"1270547",,,,,,,,,"602322",,"20","0","0","1270547","0","1270547","","0","0","33649b9a59196e11fd27d8c0b340131b5830cb0d","0","0","0","0","0",""
"20210306","KY","410184","96186",,,"totalTestsViral","3975672","591","19451","171","4034","72",,"48131","3/6/2021 00:00","2021-03-06T00:00:00Z","03/05 19:00","4806","19451",,"2021-03-06T00:00:00Z","3975672","251921",,"313998","4356","450",,,"111886","9929",,,,,,,"509047","37655","21","839","0","410184","5773","410184","","52","71","b40155b94de8b72d0fc694be25c6bd0046d2f2da","0","0","0","0","0",""
"20210306","LA","433045","61051","5241101",,"posNeg","5674146","538",,,,"77",,"415954","3/5/2021 13:00","2021-03-05T13:00:00Z","03/05 08:00","9716",,,"2021-03-05T13:00:00Z","5613095",,,"371994","9007","709",,,,,,,,,,,"466494",,"22","0","0","5674146","0","5674146","","0","0","65c7241c65fa94c4b04ee3b495596a630b81b888","0","0","0","0","0",""
"20210306","MA","589931","32129","4396764",,"totalTestsViral","16728973","687","19713","176",,"114",,"508745","3/5/2021 23:59","2021-03-05T23:59:00Z","03/05 18:59","16374","19713",,"2021-03-05T23:59:00Z","16728973","666605",,"557802","16044","330",,"4954566",,,,"156185","15425",,"578153",,,,"25","1722","7826","4986695","100359","4986695","","52","0","4d24f61981b1c5eca3be89bc9d0f07155b36f735","0","0","0","0","0",""
"20210306","MD","386610",,"3032496",,"totalTestsViral","8064462","830","35572","230",,,,"9703","3/6/2021 10:00","2021-03-06T10:00:00Z","03/06 05:00","7941","35572",,"2021-03-06T10:00:00Z","8064462","471762",,"386610","7759","182",,"3419106",,,,"198139","28360","169779",,,,,"24","932","7547","3419106","40384","3419106","","11","194","c927a3becc363cd3e0a87f102604ad7e0936f374","0","0","0","0","0",""
"20210306","ME","45635","9876",,,"totalTestsViral","1652690","74","1566","20",,"9",,"12838","3/5/2021 23:59","2021-03-05T23:59:00Z","03/05 18:59","704","1566",,"2021-03-05T23:59:00Z","1652690","41390",,"35759","681","23",,,"15113","869","14232",,,,,,"210929","10646","23","183","0","45635","8103","45635","","0","6","0713b2ba50ecf309ac974e06c493e7eb9ec19358","0","0","0","0","0",""
"20210306","MI","656072","60018",,,"totalTestsViral","10621967","866",,"222",,"97",,"549881","3/6/2021 00:00","2021-03-06T00:00:00Z","03/05 19:00","16658",,,"2021-03-06T00:00:00Z","10621967","752365","9869602","596054","15666","992",,,"537073",,,,,,,,,,"26","1692","0","656072","37232","656072","","57","0","119847cc3cba3eb701e39c26b8686c389e5af5eb","0","0","0","0","0",""
"20210306","MN","489116","24349","3050296",,"totalTestEncountersViral","7086059","224","25976","57","5364",,,"475170","3/5/2021 17:00","2021-03-05T17:00:00Z","03/05 12:00","6546","25976",,"2021-03-05T17:00:00Z",,,,"464767","6272","274","7086059","3515063",,,,,,,,,"448578",,"27","946","6988","3539412","28026","3539412","","12","38","6a204ee1a00206e3f2179e45d5cb749ca8a6849b","0","0","0","0","0",""
"20210306","MO","480352",,"1875633",,"totalTestsViral","4555207","1001",,"198",,"136",,,"3/6/2021 00:59","2021-03-06T00:59:00Z","03/05 19:59","8161",,,"2021-03-06T00:59:00Z","4555207","530416","4015210","480352",,,,"2355985","151786","24832","126755","135520",,,"364697",,"900275","83481","29","386","3308","2355985","14140","2355985","","3","0","301c8fbc96bb6a7226600746debe3ee29e238e6f","0","0","0","0","0",""
"20210306","MP","144",,"17429",,"posNeg","17573",,"4",,,,,"29","3/3/2021 00:00","2021-03-03T00:00:00Z","03/02 19:00","2","4",,"2021-03-03T00:00:00Z","26131",,,"144","2",,,"17542",,,,,,,,,,,"69","0","0","17573","0","17573","","0","0","35a376584a8c67c08b116525925c782f9e1fa747","0","0","0","0","0",""
"20210306","MS","297321","113164","1459374",,"posNeg","1756695","419","9162","89",,"47",,"278162","3/5/2021 00:00","2021-03-05T00:00:00Z","03/04 19:00","6805","9162",,"2021-03-05T00:00:00Z","1642348",,,"184157","4734","2071",,,"81986",,,,,,,,"748339",,"28","576","0","1756695","576","1756695","","22","0","d5b8f2ae9cc48904bf8838d1781df4467ed60318","0","0","0","0","0",""
"20210306","MT","100842","5506",,,"totalTestsViral","1101356","63","4629","12",,"6",,"97801","3/6/2021 01:59","2021-03-06T01:59:00Z","03/05 20:59","1381","4629",,"2021-03-06T01:59:00Z","1101356",,,"95336",,,,,,,,,,,,,,,"30","186","0","100842","4443","100842","","2","19","e20d0ad68ee6511706beefdb7fcdc8d33f78643a","0","0","0","0","0",""
"20210306","NC","872176","112559",,,"totalTestsViral","9688838","1179",,"309",,,,,"3/2/2021 11:35","2021-03-02T11:35:00Z","03/02 06:35","11502",,"819839","2021-03-02T11:35:00Z","9688838",,,"759617","10169","1333",,,,,,,,,,,"805924",,"37","2027","0","872176","38654","872176","","56","0","d13a60213b4cc6744eadda37fa421e312751bdf3","0","0","0","0","0",""
"20210306","ND","100357","5451","306021",,"totalTestEncountersViral","1424467","21","3878","3","567",,,"98240","3/6/2021 01:59","2021-03-06T01:59:00Z","03/05 20:59","1478","3878",,"2021-03-06T01:59:00Z","1535606",,,"94906",,,"1424467","406378","13395","1442","11953",,,,,,"156289",,"38","79","111","406378","1930","406378","","0","3","d80be48978460576afeffc29c53a4d697be5dc76","0","0","0","0","0",""
"20210306","NE","202653",,"770586",,"totalTestsViral","2421683","136","6229",,,,,"156825","3/5/2021 09:45","2021-03-05T09:45:00Z","03/05 04:45","2113","6229",,"2021-03-05T09:45:00Z","2421683","235726","2183243",,,,,"973781",,,,,,,,,,,"31","343","1354","973239","10138","973239","","1","3","937634fc6a04b345bc793f53d996b217ac1b22f0","0","0","0","0","0",""
"20210306","NH","76695","22756","579186",,"totalTestsViral","1481488","90","1127",,"348",,,"73327","3/6/2021 09:00","2021-03-06T09:00:00Z","03/06 04:00","1181","1127",,"2021-03-06T09:00:00Z","1481488",,,"53939",,,,"633125","39484",,,"37902",,,,,"201268",,"33","273","1496","655881","0","655881","","3","1","31f32106fa055c49dc92fef14ab733c6ec0657af","0","0","0","0","0",""
"20210306","NJ","810090","91217","10186941",,"posNeg","10997031","1862","64338","382",,"233",,,"3/6/2021 00:00","2021-03-06T00:00:00Z","03/05 19:00","23557","64338","76932","2021-03-06T00:00:00Z","10902830",,,"718873","21160","2397",,,,,,,,,,,,,"34","3720","0","10997031","3720","10997031","","36","-916","cbc1154c9db251cb0a47db6bb672756dfe51026e","0","0","0","0","0",""
"20210306","NM","186742",,,,"totalTestsViral","2771840","148","13242",,,,,"155000","3/6/2021 16:52","2021-03-06T16:52:00Z","03/06 11:52","3796","13242",,"2021-03-06T16:52:00Z","2771840",,,,,,,,,,,,,,,,,,"35","282","0","186742","13846","186742","","9","13","1d982b3b49196a2591393a2688a428e061942ad1","0","0","0","0","0",""
"20210306","NV","295460",,"1129929",,"totalTestEncountersViral","2763991","399",,"87",,"48",,,"3/5/2021 00:00","2021-03-05T00:00:00Z","03/04 19:00","5036",,,"2021-03-05T00:00:00Z",,,,"295960",,,"2763991","1425889",,,,,,,,,,,"32","0","2551","1425389","9659","1425389","","16","0","f026c203b38e47be1c2ef2522ea51845b426269b","0","0","0","0","0",""
"20210306","NY","1674380",,,,"totalTestEncountersViral","39467332","4954","89995","1012",,"694",,,"3/5/2021 14:00","2021-03-05T14:00:00Z","03/05 09:00","38970","89995","149481","2021-03-05T14:00:00Z",,,,,,,"39467332",,,,,,,,,,,,"36","7647","0","1674380","273132","1674380","","79","0","cb77d2163ba007105af830c9bb4de5a0bfd96859","0","0","0","0","0",""
"20210306","OH","977736","141880",,,"totalTestsViral","10227868","922","50848","273","7205","188",,"923986","3/6/2021 14:00","2021-03-06T14:00:00Z","03/06 09:00","17656","50848",,"2021-03-06T14:00:00Z","10227868","863985",,"835856","14752","2594",,,,,,,,,,,"1787169","86651","39","1506","0","977736","40190","977736","","0","66","c3ebb2b67c649a73dfcab69398eded76d063b695","0","0","0","0","0",""
"20210306","OK","428536",,"3146300","2984","posNeg","3574836","346","24277","100",,,,"411624","","","","4534","24277",,"","3548479","389855","3146300",,,,,,"152279","23139",,,,,,,,,"40","978","11240","3577820","12218","3574836","","0","120","975991be71999ea105003738a7c026e558d688d6","0","0","0","0","0",""
"20210306","OR","156884",,,,"totalTestsViral","3850973","158","8714","32",,"12",,,"3/5/2021 03:01","2021-03-05T03:01:00Z","03/04 22:01","2293","8714",,"2021-03-05T03:01:00Z","3850973","226972","3624001",,,,,,,,,,,,,,,,"41","211","0","156884","52906","156884","","9","15","0841f9ef6603227ce84e7efa459c0a41a6806660","0","0","0","0","0",""
"20210306","PA","946985","133926","3935532",,"totalTestEncountersViral","10629284","1513",,"314",,"171",,"859218","3/6/2021 12:00","2021-03-06T12:00:00Z","03/06 07:00","24317",,,"2021-03-06T12:00:00Z",,,,"813059",,,"10629284","4748591",,,,,,,,,,,"42","2789","9494","4882517","0","4882517","","55","0","c756fd494783139c99f8277a9c51a1abc652b247","0","0","0","0","0",""
"20210306","PR","101327","7991","305972",,"posNeg","407299","147",,"24",,"18",,"91987","3/6/2021 00:00","2021-03-06T00:00:00Z","03/05 19:00","2059",,,"2021-03-06T00:00:00Z","415664","20103","395291","93336","1749","310",,,,"84115",,,,,,,,,"72","261","0","407299","261","407299","","3","0","31d15f295002cbcbff14684ac5f996dee8a78975","0","0","0","0","0",""
"20210306","RI","128121",,"674515",,"totalTestEncountersViral","3087981","141","9020","25",,"16",,,"3/5/2021 13:00","2021-03-05T13:00:00Z","03/05 08:00","2541","9020","7865","2021-03-05T13:00:00Z",,"152549","2935432",,,,"3087981","802636",,,,,,,,,,,"44","0","0","802636","0","802636","","0","0","511686889c11916a13bff2e3aa085f27bd729188","0","0","0","0","0",""
